11174235,Queen,Khan
19410105,Queen,Khan
16032694,Marsh,Correy
11021946,Marsh,Li
15183282,Marsh,Khan
14248633,Marsh,Li
13786503,Marsh,Li
18668906,Queen,Khan
16379931,Marsh,Khan
17168148,Marsh,Khan
13280290,Marsh,Khan
18636577,Queen,Khan
12201950,Marsh,Correy
11984074,Marsh,Li
16101874,Queen,Khan
18968185,Marsh,Khan
14409026,Queen,Li
19835197,Marsh,Li
16143834,Trandee,Li
19011998,Raffah,Li
11424490,Marsh,Khan
15329102,Marsh,Khan
11091677,Marsh,Khan
19906371,Marsh,Correy
19651109,Marsh,Khan
19487123,Marsh,Khan
16977815,Marsh,Correy
17406979,Marsh,Khan
10115522,Marsh,Khan
14597705,Queen,Khan
11875689,Marsh,Khan
13773395,Queen,Khan
13540032,Marsh,Li
19144877,Marsh,Khan
14363472,Marsh,Correy
12226538,Raffah,Khan
14434977,Marsh,Khan
14191379,Marsh,Correy
19075634,Bamoo,O'Tooley
11558679,Marsh,Khan
10517008,Bamoo,Li
16233231,Bamoo,Correy
16753832,Marsh,Khan
16353569,Queen,Correy
10583600,Queen,Khan
14030401,Queen,Li
17596327,Marsh,Li
10975030,Marsh,Li
10264832,Marsh,Khan
16611927,Queen,Khan